Place,State,Type,Population,Latitude,Longitude,County,County FIPS,Location Dropped in Analysis
Palmer,Alaska,city,6094,61.599415,-149.1146333,Matanuska-Susitna Borough,2170,
Klawock,Alaska,city,717,55.5520852,-133.081983,Prince of Wales-Hyder Census Area,2198,
New Stuyahok,Alaska,city,506,59.4514032,-157.3143897,Dillingham Census Area,2070,
Akutan,Alaska,city,1299,54.1336126,-165.7753862,Aleutians East Borough,2013,
St. Paul,Alaska,city,492,57.1208002,-170.2829517,Aleutians West Census Area,2016,
Ketchikan,Alaska,city,8037,55.3422222,-131.6461111,Ketchikan Gateway Borough,2130,
Nenana,Alaska,city,358,64.5633957,-149.0938987,Yukon-Koyukuk Census Area,2290,
Kotzebue,Alaska,city,3110,66.8969151,-162.5930667,Northwest Arctic Borough,2188,
Eek,Alaska,city,401,60.2167837,-162.0264471,Bethel Census Area,2050,
Sand Point,Alaska,city,777,55.3404686,-160.4985822,Aleutians East Borough,2013,
Soldotna,Alaska,city,4444,60.4863829,-151.0571796,Kenai Peninsula Borough,2122,
Anaktuvuk Pass,Alaska,city,455,68.1433076,-151.7328707,North Slope Borough,2185,
Kachemak,Alaska,city,584,59.6717724,-151.4322932,Kenai Peninsula Borough,2122,
Aniak,Alaska,city,501,61.5828737,-159.5431623,Bethel Census Area,2050,
Kake,Alaska,city,543,56.9766938,-133.9461823,Prince of Wales-Hyder Census Area,2198,
Port Lions,Alaska,city,167,57.8674157,-152.8831903,Kodiak Island Borough,2150,
Ambler,Alaska,city,258,67.0867227,-157.8581339,Northwest Arctic Borough,2188,
Egegik,Alaska,city,36,58.213737,-157.3742534,Lake and Peninsula Borough,2164,
Aleknagik,Alaska,city,207,59.2794209,-158.6210674,Dillingham Census Area,2070,
Upper Kalskag,Alaska,city,217,61.5385749,-160.3195013,Bethel Census Area,2050,
Diomede,Alaska,city,82,65.7594706,-168.9504794,Nome Census Area,2180,
Adak,Alaska,city,177,51.8667982,-176.6385354,Aleutians West Census Area,2016,
Goodnews Bay,Alaska,city,261,59.1175331,-161.5842091,Bethel Census Area,2050,
Chuathbaluk,Alaska,city,103,61.5719444,-159.245,Bethel Census Area,2050,
Ouzinkie,Alaska,city,105,57.923322,-152.5019368,Kodiak Island Borough,2150,
Shaktoolik,Alaska,city,212,64.3577218,-161.2007313,Nome Census Area,2180,
Ekwok,Alaska,city,106,59.3500073,-157.474768,Dillingham Census Area,2070,
Chignik,Alaska,city,91,56.2953028,-158.4044923,Lake and Peninsula Borough,2164,
Kaltag,Alaska,city,160,64.3279408,-158.7261772,Yukon-Koyukuk Census Area,2290,
Lower Kalskag,Alaska,city,279,61.5114542,-160.3633267,Bethel Census Area,2050,
Fairbanks,Alaska,city,32702,64.8400511,-147.7199756,Fairbanks North Star Borough,2090,
Lodi,California,city,67021,38.1341477,-121.2722194,San Joaquin County,6077,
Modesto,California,city,218771,37.6392595,-120.9970014,Stanislaus County,6099,
Selma,California,city,24625,36.5707838,-119.6120765,Fresno County,6019,
Sanger,California,city,26716,36.708006,-119.5559652,Fresno County,6019,
Madera,California,city,67944,36.9613356,-120.0607176,Madera County,6039,
Lathrop,California,city,30659,37.8227046,-121.27661,San Joaquin County,6077,
Stockton,California,city,322120,37.9577016,-121.2907796,San Joaquin County,6077,
Oakdale,California,city,23235,37.7666263,-120.8470308,Stanislaus County,6099,
Ceres,California,city,49282,37.5947202,-120.9568815,Stanislaus County,6099,
Turlock,California,city,72682,37.4945743,-120.8459786,Stanislaus County,6099,
Los Banos,California,city,46398,37.0582786,-120.8499151,Merced County,6047,
Manteca,California,city,85792,37.7974273,-121.2160526,San Joaquin County,6077,
Patterson,California,city,23808,37.4716546,-121.1299128,Stanislaus County,6099,
Clovis,California,city,122989,36.8252277,-119.7029194,Fresno County,6019,
Tracy,California,city,95387,37.7395818,-121.4260018,San Joaquin County,6077,
Parlier,California,city,14691,36.6116174,-119.5270734,Fresno County,6019,
Waterford,California,city,9158,37.640545,-120.7615808,Stanislaus County,6099,
Coalinga,California,city,17465,36.139678,-120.3601496,Fresno County,6019,
Fowler,California,city,6934,36.6305058,-119.6784697,Fresno County,6019,
Kerman,California,city,16174,36.7235572,-120.059879,Fresno County,6019,
Escalon,California,city,7523,37.7974273,-120.9966033,San Joaquin County,6077,
Firebaugh,California,city,8108,36.8588376,-120.4560072,Fresno County,6019,
Ripon,California,city,16440,37.7394537,-121.1354141,San Joaquin County,6077,
Mendota,California,city,12735,36.7535611,-120.3815574,Fresno County,6019,
Chowchilla,California,city,19007,37.1229997,-120.2601754,Madera County,6039,
Kingsburg,California,city,12662,36.5138398,-119.5540175,Fresno County,6019,
Huron,California,city,6222,36.2027308,-120.1029177,Fresno County,6019,
Livingston,California,city,14528,37.3868826,-120.7235329,Merced County,6047,
Newman,California,city,12328,37.3137067,-121.0205526,Stanislaus County,6099,
Orange Cove,California,city,9619,36.624394,-119.3137301,Fresno County,6019,
Fresno,California,city,544510,36.7377981,-119.7871247,Fresno County,6019,
Lemoore,California,city,27259,36.3007835,-119.7829107,Kings County,6031,
Reedley,California,city,25232,36.5963395,-119.4504029,Fresno County,6019,
Ridgecrest,California,city,28105,35.6224561,-117.6708966,Kern County,6029,
Corcoran,California,city,22535,36.098007,-119.5604015,Kings County,6031,
Delano,California,city,52173,35.7688425,-119.2470536,Kern County,6029,
Wasco,California,city,28173,35.5941238,-119.3409457,Kern County,6029,
Hanford,California,city,58496,36.3274502,-119.6456844,Kings County,6031,
Arvin,California,city,19669,35.2017986,-118.833105,Kern County,6029,
Shafter,California,city,20678,35.5005139,-119.2717761,Kern County,6029,
Bakersfield,California,city,407615,35.3732921,-119.0187125,Kern County,6029,
California City,California,city,15098,35.125801,-117.9859038,Kern County,6029,
San Joaquin,California,city,3689,36.6066162,-120.1890447,Fresno County,6019,
Avenal,California,city,13819,36.0041223,-120.1290272,Kings County,6031,
McFarland,California,city,14459,35.6780104,-119.2292748,Kern County,6029,
Tehachapi,California,city,13177,35.1321877,-118.4489739,Kern County,6029,
Taft,California,city,8651,35.1424671,-119.4565078,Kern County,6029,
Maricopa,California,city,1021,35.058858,-119.4009509,Kern County,6029,
Highland,California,city,57159,34.1211873,-117.2015791,San Bernardino County,6071,
Huntington Park,California,city,53644,33.9816812,-118.2250725,Los Angeles County,6037,
Lynwood,California,city,65505,33.930293,-118.2114603,Los Angeles County,6037,
Hesperia,California,city,100971,34.4263886,-117.3008784,San Bernardino County,6071,
Santa Clarita,California,city,224593,34.3916641,-118.542586,Los Angeles County,6037,
West Covina,California,city,107017,34.0686208,-117.9389526,Los Angeles County,6037,
Apple Valley,California,town,76224,34.5008311,-117.1858759,San Bernardino County,6071,
Colton,California,city,54285,34.0739016,-117.3136547,San Bernardino County,6071,
Palmdale,California,city,165761,34.5794343,-118.1164613,Los Angeles County,6037,
Torrance,California,city,143600,33.8358492,-118.3406288,Los Angeles County,6037,
Glendale,California,city,192366,34.1425078,-118.255075,Los Angeles County,6037,
Covina,California,city,50411,34.0900091,-117.8903397,Los Angeles County,6037,
Redondo Beach,California,city,69781,33.8491816,-118.3884078,Los Angeles County,6037,
Compton,California,city,93597,33.8958492,-118.2200712,Los Angeles County,6037,
Burbank,California,city,105401,34.1808392,-118.3089661,Los Angeles County,6037,
Maywood,California,city,24562,33.9866807,-118.185349,Los Angeles County,6037,
Walnut,California,city,27830,34.0202894,-117.8653386,Los Angeles County,6037,
Avalon,California,city,3377,33.3428193,-118.3282279,Los Angeles County,6037,
Barstow,California,city,25442,34.8957957,-117.0172826,San Bernardino County,6071,
Bradbury,California,city,900,34.1469511,-117.9708982,Los Angeles County,6037,
Sierra Madre,California,city,11013,34.1616729,-118.0528456,Los Angeles County,6037,
San Dimas,California,city,34064,34.1066756,-117.8067257,Los Angeles County,6037,
Beverly Hills,California,city,31896,34.0736204,-118.4003563,Los Angeles County,6037,
Duarte,California,city,21245,34.1394513,-117.9772873,Los Angeles County,6037,
Cudahy,California,city,22294,33.9608646,-118.1857858,Los Angeles County,6037,
Culver City,California,city,39970,34.0211224,-118.3964665,Los Angeles County,6037,
Bell Gardens,California,city,38552,33.9652918,-118.1514588,Los Angeles County,6037,
Commerce,California,city,12063,34.0005691,-118.1597929,Los Angeles County,6037,
El Segundo,California,city,16898,33.9191799,-118.4164652,Los Angeles County,6037,
San Marino,California,city,12254,34.121397,-118.1064585,Los Angeles County,6037,
Los Angeles,California,city,3849297,34.0522342,-118.2436849,Los Angeles County,6037,
Balance of Medina,Illinois,township,6104,41.9784315,-88.0515108,Peoria County,17143,
Albany,Illinois,township,1013,41.7894748,-90.2192941,Whiteside County,17195,
Balance of Harlem,Illinois,township,1761,42.3698084,-88.9988098,Stephenson County,17177,1
Balance of Cincinnati,Illinois,township,2408,40.6331249,-89.3985283,Tazewell County,17179,1
Hollis,Illinois,township,1798,40.5967052,-89.6701029,Peoria County,17143,
Rosefield,Illinois,township,1209,40.7562493,-89.8130356,Peoria County,17143,
South Moline,Illinois,township,36171,41.4902873,-90.4785495,Rock Island County,17161,
Rockton,Illinois,township,16006,42.4525157,-89.0723317,Winnebago County,17201,
Cherry Valley,Illinois,township,19167,42.2347434,-88.9489912,Winnebago County,17201,
Elm Grove,Illinois,township,2942,40.5322583,-89.5686271,Tazewell County,17179,
Monmouth,Illinois,city,8778,40.9114271,-90.6473576,Warren County,17187,
Winnebago,Illinois,township,4944,42.2661311,-89.2412202,Winnebago County,17201,
Balance of Rockford,Illinois,township,19728,42.2711311,-89.0939952,Winnebago County,17201,
Old Town,Illinois,township,3387,41.9110773,-87.6410116,McLean County,17113,
Greene,Illinois,township,1434,39.4029862,-90.3748354,Mercer County,17131,
Balance of Winslow,Illinois,township,284,42.4925096,-89.7923428,Stephenson County,17177,
Millbrook,Illinois,township,402,41.5983635,-88.5528521,Peoria County,17143,
Edford,Illinois,township,649,41.4509839,-90.2526163,Henry County,17073,
Ellisville,Illinois,township,146,40.6267064,-90.3051249,Fulton County,17057,
Balance of Rock Island,Illinois,township,115,41.5094771,-90.5787476,Rock Island County,17161,
Liverpool,Illinois,township,549,40.3917075,-90.0009491,Fulton County,17057,
Balance of Ridott,Illinois,township,779,42.2964089,-89.4753917,Stephenson County,17177,
Balance of Cordova,Illinois,township,314,41.6803099,-90.319018,Rock Island County,17161,
Balance of Cornwall,Illinois,township,257,41.3811562,-90.0186555,Henry County,17073,
Lawndale,Illinois,township,157,40.2180969,-89.2825925,McLean County,17113,1
Point Pleasant,Illinois,township,132,39.1555952,-88.077814,Warren County,17187,1
Balance of Copley,Illinois,township,312,41.0191126,-90.1682271,Knox County,17095,
Balance of Andover,Illinois,township,328,41.2939249,-90.2920678,Henry County,17073,
Rio,Illinois,township,507,41.1092036,-90.399851,Knox County,17095,
Farmers,Illinois,township,353,40.4102092,-90.3936722,Fulton County,17057,
Rockford,Illinois,township,169321,42.2711311,-89.0939952,Winnebago County,17201,
Hanover,Indiana,town,3635,38.7142263,-85.4735707,Jefferson County,18077,
Valparaiso,Indiana,city,34428,41.4730948,-87.0611412,Porter County,18127,
Crown Point,Indiana,city,34621,41.4169806,-87.3653135,Lake County,18089,
Balance of Portage,Indiana,township,9332,41.5758707,-87.1761455,Porter County,18127,
Hobart,Indiana,city,29521,41.5322592,-87.2550353,Lake County,18089,
Cedar Creek,Indiana,township,13815,41.2328645,-85.0025539,Allen County,18003,1
Porter,Indiana,town,5234,41.6163803,-87.0747971,Porter County,18127,
Union,Indiana,township,905,38.4652211,-87.4353991,Adams County,18001,
East Chicago,Indiana,city,26099,41.6392024,-87.4547635,Lake County,18089,
Balance of Liberty,Indiana,township,1128,39.6356048,-84.931071,Crawford County,18025,
Chesterton,Indiana,town,14375,41.6105937,-87.0641992,Porter County,18127,
Lake Station,Indiana,city,13160,41.5750369,-87.2389246,Lake County,18089,
Winfield,Indiana,town,7481,41.4255832,-87.2390447,Lake County,18089,
Balance of Center,Indiana,township,397,40.4354773,-86.060491,Benton County,18007,1
Jackson,Indiana,township,509,38.8794321,-86.0529604,Allen County,18003,1
Balance of Cedar Creek,Indiana,township,9028,41.464174,-85.1698092,Allen County,18003,1
Whiting,Indiana,city,4539,41.6797578,-87.4944873,Lake County,18089,
Eagle Creek,Indiana,township,1716,39.8524565,-86.2898966,Lake County,18089,
Washington,Indiana,township,8664,38.6592152,-87.172789,Adams County,18001,
Balance of Ross,Indiana,township,1296,41.526667,-87.374722,Clinton County,18023,
New Chicago,Indiana,town,1980,41.5583701,-87.2744806,Lake County,18089,
Hebron,Indiana,town,3750,41.3186482,-87.2003091,Porter County,18127,
Balance of Calumet,Indiana,township,6714,41.5909598,-87.3612205,Lake County,18089,
Balance of Westchester,Indiana,township,1386,40.4983791,-84.8949657,Porter County,18127,
Balance of Pleasant,Indiana,township,2970,38.8708921,-85.1838437,Allen County,18003,
Balance of Jackson,Indiana,township,1087,38.8794321,-86.0529604,Blackford County,18009,1
Balance of Pine,Indiana,township,1260,40.2671941,-86.1349019,Porter County,18127,1
Town of Pines,Indiana,town,595,41.6819829,-86.960309,Porter County,18127,
North,Indiana,township,155055,40.2671941,-86.1349019,Lake County,18089,1
Leawood,Kansas,city,33743,38.966673,-94.6169012,Johnson County,20091,
Louisburg,Kansas,city,4994,38.6194564,-94.6807903,Miami County,20121,
Middle Creek,Kansas,township,1815,38.5778847,-94.7484518,Miami County,20121,
Mission,Kansas,township,565,39.0277832,-94.6557914,Brown County,20013,
Mission Hills,Kansas,city,3565,39.0177834,-94.6169014,Johnson County,20091,
Shawnee,Kansas,township,500,39.0228485,-94.7151865,Cherokee County,20021,
Lexington,Kansas,township,47,37.2939132,-99.5995671,Clark County,20025,
Ottawa,Kansas,city,12604,38.615768,-95.2686366,Franklin County,20059,
Paola,Kansas,city,5786,38.5722353,-94.8791294,Miami County,20121,
Aubry,Kansas,township,4655,38.7803412,-94.6553679,Johnson County,20091,
Osawatomie,Kansas,city,4280,38.4972372,-94.9505207,Miami County,20121,
Merriam,Kansas,city,11017,39.0236165,-94.6935701,Johnson County,20091,
Osage,Kansas,township,262,38.6009003,-95.6457951,Allen County,20001,1
Miami,Kansas,township,521,38.6381689,-94.8105955,Miami County,20121,
Putnam,Kansas,township,286,37.9689004,-97.3878165,Anderson County,20003,1
Rich,Kansas,township,341,38.0676103,-95.1327829,Anderson County,20003,
Rantoul,Kansas,city,168,38.5446097,-95.1041269,Franklin County,20059,
Balance of Ohio,Kansas,township,500,41.2450075,-83.2836979,Franklin County,20059,1
Greeley,Kansas,city,271,38.3666861,-95.1269156,Anderson County,20003,
Lone Elm,Kansas,city,23,38.0800294,-95.2433104,Anderson County,20003,
Greenwood,Kansas,township,390,37.9025905,-96.1526985,Franklin County,20059,1
Reeder,Kansas,township,446,38.3172361,-95.435853,Anderson County,20003,
Kincaid,Kansas,city,106,38.0841964,-95.1535856,Anderson County,20003,
Bonner Springs,Kansas,city,0,39.059726,-94.8835754,Johnson County,20091,
Colony,Kansas,city,377,38.0708626,-95.3655356,Anderson County,20003,
Overland Park,Kansas,city,197106,38.9822282,-94.6707917,Johnson County,20091,
Norridgewock,Maine,town,3278,44.7130794,-69.7905955,Somerset County,23025,
Hancock,Maine,town,2520,44.5291357,-68.2537463,Hancock County,23009,
Minot,Maine,town,2795,44.1563223,-70.3471228,Androscoggin County,23001,
Auburn,Maine,city,24033,44.0978509,-70.2311655,Androscoggin County,23001,
Poland,Maine,town,5966,44.0606281,-70.3936675,Androscoggin County,23001,
Livermore Falls,Maine,town,3080,44.4752929,-70.1880811,Androscoggin County,23001,
Livermore,Maine,town,2167,44.4078297,-70.2081176,Androscoggin County,23001,
Hiram,Maine,town,1636,43.8350627,-70.8322512,Oxford County,23017,
New Sharon,Maine,town,1497,44.6393784,-70.0154885,Franklin County,23007,
Hudson,Maine,town,1408,45.0011783,-68.8805923,Penobscot County,23019,
Madison,Maine,town,4720,44.7975466,-69.8797486,Somerset County,23025,
Bethel,Maine,town,2546,44.4044586,-70.7898806,Oxford County,23017,
Paris,Maine,town,5265,44.2597917,-70.5006152,Oxford County,23017,
Searsport,Maine,town,2661,44.463934,-68.9038627,Waldo County,23027,
Mechanic Falls,Maine,town,3124,44.1117418,-70.3917985,Androscoggin County,23001,
Sorrento,Maine,town,282,44.4734117,-68.1772341,Hancock County,23009,
Thorndike,Maine,town,789,44.6029084,-69.236966,Waldo County,23027,
Eastport,Maine,city,1280,44.9061906,-66.9899785,Washington County,23029,
Hanover,Maine,town,286,44.4967315,-70.6942351,Oxford County,23017,
Columbia Falls,Maine,town,484,44.6538001,-67.7273744,Washington County,23029,
Edinburg,Maine,town,132,45.1764474,-68.6903078,Penobscot County,23019,
Winn,Maine,town,396,45.4512875,-68.3326305,Penobscot County,23019,
Eastbrook,Maine,town,430,44.6786857,-68.2644618,Hancock County,23009,
Embden,Maine,town,911,44.9181137,-69.8667243,Somerset County,23025,
Carthage,Maine,town,513,44.6240737,-70.4734195,Franklin County,23007,
Garland,Maine,town,1015,45.0383951,-69.1603205,Penobscot County,23019,
Baileyville,Maine,town,1337,45.1815281,-67.441251,Washington County,23029,
Jackman,Maine,town,777,45.6240392,-70.2521512,Somerset County,23025,
Clifton,Maine,town,839,44.8167372,-68.5111379,Penobscot County,23019,
East Machias,Maine,town,1317,44.7391789,-67.3900603,Washington County,23029,
Lewiston,Maine,city,36617,44.100351,-70.2147764,Androscoggin County,23001,
Woodstock,Michigan,township,3601,42.0353063,-84.2910759,Lenawee County,26091,
Balance of Exeter,Michigan,township,3371,42.0318825,-83.4856913,Monroe County,26115,
Adrian,Michigan,city,20502,41.8975471,-84.0371659,Lenawee County,26091,
Whiteford,Michigan,township,4601,41.7669312,-83.6986568,Monroe County,26115,
Grand Ledge,Michigan,city,0,42.7533685,-84.7463757,Clinton County,26037,
Madison charter,Michigan,township,8423,44.3148443,-85.6023643,Lenawee County,26091,1
Bedford,Michigan,township,31955,41.760608,-83.5885144,Monroe County,26115,
Ash,Michigan,township,7898,42.0639653,-83.357567,Monroe County,26115,
Balance of Columbia,Michigan,township,6039,42.1142112,-84.2910759,Jackson County,26075,
Tecumseh,Michigan,city,8648,42.0039331,-83.9449417,Lenawee County,26091,
Charlotte,Michigan,city,9209,42.5636478,-84.8358211,Eaton County,26045,
Bronson,Michigan,city,2305,41.8722716,-85.1946963,Branch County,26023,
Tompkins,Michigan,township,2652,42.3730923,-84.5416359,Jackson County,26075,
Luna Pier,Michigan,city,1373,41.8069907,-83.442433,Monroe County,26115,
Woodbridge,Michigan,township,1304,42.3485873,-83.0817287,Hillsdale County,26059,
Allen,Michigan,township,1589,41.9569915,-84.7677394,Hillsdale County,26059,
Palmyra,Michigan,township,2016,41.8597702,-83.9357756,Lenawee County,26091,
Batavia,Michigan,township,1325,41.9125489,-85.0980258,Branch County,26023,
Fayette,Michigan,township,1102,45.7174788,-86.6679137,Hillsdale County,26059,1
Jonesville,Michigan,city,2159,41.9842131,-84.6619015,Hillsdale County,26059,
Balance of Riga,Michigan,township,1320,41.8092159,-83.8249404,Lenawee County,26091,
Fairfield,Michigan,township,1658,41.8128271,-84.0410556,Lenawee County,26091,
Morenci,Michigan,city,2249,41.7194949,-84.2180026,Lenawee County,26091,
Seneca,Michigan,township,1133,41.7875496,-84.1766126,Lenawee County,26091,
Scipio,Michigan,township,1832,42.0431051,-84.6583745,Hillsdale County,26059,
Deerfield,Michigan,township,3327,41.888936,-83.7788283,Isabella County,26073,
Olivet,Michigan,city,1431,42.4414273,-84.9241542,Eaton County,26045,
Delta charter,Michigan,township,33070,44.3148443,-85.6023643,Eaton County,26045,1
Afton,Minnesota,city,2949,44.9027452,-92.7835373,Washington County,27163,
Lakeland,Minnesota,city,1698,44.9563563,-92.7657593,Washington County,27163,
Apple Valley,Minnesota,city,55638,44.7319094,-93.21772,Dakota County,27037,1
Oak Park Heights,Minnesota,city,4750,45.0313559,-92.7929842,Washington County,27163,
Lakeville,Minnesota,city,72812,44.6496868,-93.24272,Dakota County,27037,
Shakopee,Minnesota,city,44547,44.7973962,-93.5272861,Scott County,27139,
Forest,Minnesota,township,124,44.4066843,-93.3590446,Becker County,27005,
Eagan,Minnesota,city,68642,44.8041322,-93.1668858,Dakota County,27037,
Bayport,Minnesota,city,3885,45.0188878,-92.7777989,Washington County,27163,
Baytown,Minnesota,township,2129,45.0116322,-92.8323974,Washington County,27163,
Lake Elmo,Minnesota,city,12899,44.9957998,-92.8793768,Washington County,27163,1
Farmington,Minnesota,city,23534,44.6402434,-93.1435497,Dakota County,27037,
Burnsville,Minnesota,city,63943,44.7677424,-93.2777226,Dakota County,27037,
Cannon Falls,Minnesota,city,4237,44.5069113,-92.905484,Goodhue County,27049,
Goodhue,Minnesota,city,1252,44.4005221,-92.6238028,Goodhue County,27049,
Glasgow,Minnesota,township,265,44.3228659,-92.1253854,Wabasha County,27157,
St. Marys Point,Minnesota,city,349,44.9144322,-92.7715284,Washington County,27163,
Lake St. Croix Beach,Minnesota,city,1030,44.9208007,-92.7668701,Washington County,27163,
Lilydale,Minnesota,city,800,44.9160768,-93.1260526,Dakota County,27037,
Mazeppa,Minnesota,city,893,44.2741649,-92.5420799,Wabasha County,27157,
Hammond,Minnesota,township,42,44.2221886,-92.3735113,Polk County,27119,
Roscoe,Minnesota,township,746,45.4338529,-94.6397247,Goodhue County,27049,
Sunfish Lake,Minnesota,city,523,44.8691464,-93.0907522,Dakota County,27037,
Grey Cloud Island,Minnesota,township,288,44.806517,-93.0025615,Washington County,27163,
Marine on St. Croix,Minnesota,city,655,45.1984344,-92.770531,Washington County,27163,
Hampton,Minnesota,city,736,44.6116667,-92.9991667,Dakota County,27037,
Dellwood,Minnesota,city,1171,45.0899665,-92.9724382,Washington County,27163,
Millville,Minnesota,city,151,44.244689,-92.295731,Wabasha County,27157,
Woodbury,Minnesota,city,76990,44.9238552,-92.9593797,Washington County,27163,
Rye,New Hampshire,town,5554,43.0019301,-70.7695547,Rockingham County,33015,
Hudson,New Hampshire,town,25468,42.7647763,-71.4398074,Hillsborough County,33011,
Wolfeboro,New Hampshire,town,6547,43.5852069,-71.2094799,Carroll County,33003,
Concord,New Hampshire,city,44006,43.2081366,-71.5375718,Merrimack County,33013,1
New Boston,New Hampshire,town,6167,42.9761945,-71.6939626,Hillsborough County,33011,
Alton,New Hampshire,town,5984,43.4543228,-71.2189721,Belknap County,33001,
Dover,New Hampshire,city,33171,43.1978624,-70.8736698,Strafford County,33017,
Franklin,New Hampshire,city,8828,43.4442432,-71.6472988,Merrimack County,33013,
Milford,New Hampshire,town,16232,42.8353619,-71.6489836,Hillsborough County,33011,
Sandown,New Hampshire,town,6574,42.928698,-71.1870053,Rockingham County,33015,
Hollis,New Hampshire,town,8519,42.7425166,-71.5895344,Hillsborough County,33011,
Newton,New Hampshire,town,4835,42.8695335,-71.0345018,Rockingham County,33015,
Peterborough,New Hampshire,town,6440,42.8706048,-71.9516746,Hillsborough County,33011,
Henniker,New Hampshire,town,5827,43.1798323,-71.8222872,Merrimack County,33013,
Alexandria,New Hampshire,town,1786,43.6114624,-71.7928579,Grafton County,33009,
Greenfield,New Hampshire,town,1710,42.9506384,-71.8723003,Hillsborough County,33011,
New Durham,New Hampshire,town,2735,43.4367466,-71.1722886,Strafford County,33017,
Groton,New Hampshire,town,574,43.7018051,-71.8367572,Grafton County,33009,
East Kingston,New Hampshire,town,2437,42.925219,-71.0165766,Rockingham County,33015,
Temple,New Hampshire,town,1377,42.8188308,-71.8513418,Hillsborough County,33011,
Canaan,New Hampshire,town,3810,43.6809381,-72.0518883,Grafton County,33009,
Bath,New Hampshire,town,1096,44.1670079,-71.9662009,Grafton County,33009,
Bridgewater,New Hampshire,town,1174,43.6384067,-71.7364678,Grafton County,33009,
Hebron,New Hampshire,town,643,43.6939614,-71.8056359,Grafton County,33009,
Grafton,New Hampshire,town,1401,43.561127,-71.947327,Grafton County,33009,
Landaff,New Hampshire,town,447,44.1752213,-71.8874191,Grafton County,33009,1
Boscawen,New Hampshire,town,3978,43.3243931,-71.636864,Merrimack County,33013,
Eaton,New Hampshire,town,420,43.8997905,-71.0435452,Carroll County,33003,
Lyme,New Hampshire,town,1753,43.8095142,-72.1559219,Grafton County,33009,
Manchester,New Hampshire,city,115462,42.9956397,-71.4547891,Hillsborough County,33011,
Henderson,Nevada,city,322178,36.0395247,-114.9817213,Clark County,32003,
North Las Vegas,Nevada,city,274133,36.1988592,-115.1175013,Clark County,32003,
Boulder City,Nevada,city,14879,35.9782216,-114.8345117,Clark County,32003,
Mesquite,Nevada,city,21158,36.805531,-114.06719,Clark County,32003,
Las Vegas,Nevada,city,646790,36.171563,-115.1391009,Clark County,32003,
Liberty,New York,town,10421,41.8012001,-74.74655,Sullivan County,36105,
Conklin,New York,town,4962,42.0342437,-75.803801,Broome County,36007,
Vestal,New York,town,29353,42.0855898,-76.053575,Broome County,36007,
Oneonta,New York,city,12508,42.4528571,-75.0637746,Otsego County,36077,
Hyde Park,New York,town,21069,41.7667602,-73.9015246,Dutchess County,36027,
Mohawk,New York,town,3582,43.0114592,-75.0040449,Montgomery County,36057,
Minden,New York,town,4215,42.9319435,-74.7102958,Montgomery County,36057,
Neversink,New York,town,3426,41.8448528,-74.62502,Sullivan County,36105,
Amsterdam,New York,city,18187,42.9377453,-74.190356,Montgomery County,36057,
Mamakating,New York,town,12865,41.5897024,-74.4760088,Sullivan County,36105,
Colesville,New York,town,4832,42.1720982,-75.6440842,Broome County,36007,
Lloyd,New York,town,11266,41.7362044,-74.0054176,Ulster County,36111,
Claverack,New York,town,6081,42.2123156,-73.6771662,Columbia County,36021,
Amenia,New York,town,3786,41.8492599,-73.5567918,Dutchess County,36027,
Seward,New York,town,1600,42.7209081,-74.6087531,Schoharie County,36095,
Delaware,New York,town,2215,41.7682361,-75.0026972,Sullivan County,36105,
Tompkins,New York,town,1291,42.1076666,-75.294569,Delaware County,36025,
Decatur,New York,town,374,42.6442422,-74.7251483,Otsego County,36077,
Balance of Minden,New York,town,2197,42.9319435,-74.7102958,Montgomery County,36057,
Balance of Harpersfield,New York,town,1109,42.4384124,-74.6873749,Delaware County,36025,
Hillsdale,New York,town,1838,42.1792443,-73.525026,Columbia County,36021,
Blenheim,New York,town,312,42.4794352,-74.4760088,Schoharie County,36095,
Balance of Schoharie,New York,town,2189,42.6659087,-74.3095787,Schoharie County,36095,
German,New York,town,307,42.5045167,-75.8301537,Chenango County,36017,
Lexington,New York,town,781,42.2403646,-74.3654253,Greene County,36039,
Stockport,New York,town,2674,42.3095301,-73.7462345,Columbia County,36021,
Richfield,New York,town,2082,42.8572942,-75.0540468,Otsego County,36077,
Kingston,New York,city,24100,41.9270367,-73.9973608,Ulster County,36111,
Broome,New York,town,871,42.4916563,-74.2883536,Schoharie County,36095,
Union,New York,town,55620,42.1257777,-76.0241501,Broome County,36007,1
Lenox,New York,town,8777,43.05833,-75.70472,Madison County,36053,
Balance of Dickinson,New York,town,3327,42.1324392,-75.9056753,Broome County,36007,
Palermo,New York,town,3463,43.3650689,-76.2824305,Oswego County,36075,
Balance of Owego,New York,town,14874,42.1034075,-76.2621549,Tioga County,36107,
Balance of Cazenovia,New York,town,3985,42.9300668,-75.8526915,Madison County,36053,
Scriba,New York,town,6618,43.4653465,-76.4304934,Oswego County,36075,
Balance of Vernon,New York,town,3433,43.0795135,-75.5393442,Oneida County,36065,
Balance of Kirkland,New York,town,8447,43.0252126,-75.4111644,Oneida County,36065,
Oneida,New York,city,10329,43.0925684,-75.6512931,Madison County,36053,
Balance of Sullivan,New York,town,9975,43.0545116,-75.8468569,Madison County,36053,
Hastings,New York,town,9359,43.3739582,-76.1524252,Oswego County,36075,
Newark Valley,New York,town,3604,42.2236853,-76.183263,Tioga County,36107,
Paris,New York,town,4267,43.0006253,-75.3137775,Oneida County,36065,
Balance of Russia,New York,town,1652,43.2859075,-75.0844757,Herkimer County,36043,
Warren,New York,town,1026,42.8874053,-74.9442585,Herkimer County,36043,
Stockbridge,New York,town,1989,42.9911796,-75.5993462,Madison County,36053,
New Haven,New York,town,2944,43.4797914,-76.3152105,Oswego County,36075,
Marathon,New York,town,2027,42.441739,-76.0321474,Cortland County,36023,
Lincoln,New York,town,1847,43.037006,-75.7255192,Madison County,36053,
Balance of Oxford,New York,town,2217,42.4420181,-75.5976855,Chenango County,36017,
Balance of Nichols,New York,town,1861,42.021741,-76.3668815,Tioga County,36107,
Cincinnatus,New York,town,902,42.5422923,-75.8957534,Cortland County,36023,
Coventry,New York,town,1504,42.3159098,-75.6385205,Chenango County,36017,
Newport,New York,town,2130,43.1859025,-75.0143244,Herkimer County,36043,
Taylor,New York,town,447,42.5931073,-75.9230976,Cortland County,36023,
Truxton,New York,town,989,42.7120125,-76.0285349,Cortland County,36023,
Preble,New York,town,1350,42.7353459,-76.1482602,Cortland County,36023,
Utica,New York,city,64501,43.100903,-75.232664,Oneida County,36065,
Twinsburg,Ohio,city,19328,41.3125552,-81.4401129,Summit County,39153,1
Barberton,Ohio,city,24983,41.012833,-81.6051221,Summit County,39153,1
Massillon,Ohio,city,32231,40.7967244,-81.5215093,Stark County,39151,1
Plain,Ohio,township,12734,40.8876571,-81.3729372,Franklin County,39049,1
Streetsboro,Ohio,city,17640,41.2392227,-81.3459405,Portage County,39133,1
Tallmadge,Ohio,city,283,41.1014451,-81.441779,Portage County,39133,1
Hubbard,Ohio,city,7610,41.1564463,-80.569239,Trumbull County,39155,1
Ravenna,Ohio,city,11313,41.1575566,-81.2420473,Portage County,39133,1
Howland,Ohio,township,19027,41.2576207,-80.7325287,Trumbull County,39155,1
Brimfield,Ohio,township,11417,41.106366,-81.3509416,Portage County,39133,1
Stow,Ohio,city,34342,41.1595005,-81.4403898,Summit County,39153,1
Lawrence,Ohio,township,2333,38.6232686,-82.5185837,Lawrence County,39087,1
Hudson,Ohio,city,22983,41.240056,-81.440667,Summit County,39153,1
Struthers,Ohio,city,9917,41.0525588,-80.6078509,Mahoning County,39099,1
Cortland,Ohio,city,7088,41.3303342,-80.7253575,Trumbull County,39155,1
Franklin,Ohio,township,1039,39.5589474,-84.3041074,Adams County,39001,1
Canal Fulton,Ohio,city,5323,40.8897784,-81.597623,Stark County,39151,1
Sandy,Ohio,township,3543,40.6891869,-81.2739073,Stark County,39151,1
Balance of Vienna,Ohio,township,3970,40.4172871,-82.907123,Trumbull County,39155,1
Atwater,Ohio,township,2577,41.0403996,-81.1416691,Portage County,39133,1
Youngstown,Ohio,city,60268,41.0997803,-80.6495194,Mahoning County,39099,1
Warren,Ohio,township,5719,41.2375569,-80.8184166,Belmont County,39013,1
Ellsworth,Ohio,township,2100,41.0196245,-80.8765205,Mahoning County,39099,1
Hartford,Ohio,township,1449,41.3114444,-80.5684065,Licking County,39089,1
Vernon,Ohio,township,3023,41.3864438,-80.5686845,Clinton County,39027,1
Northfield Center,Ohio,township,5566,41.29457,-81.5322149,Summit County,39153,1
Bloomfield,Ohio,township,1147,41.4580972,-80.8765205,Jackson County,39079,1
Balance of Hubbard,Ohio,township,5319,41.1564463,-80.569239,Trumbull County,39155,1
Balance of Green,Ohio,township,479,40.9458898,-81.4831714,Adams County,39001,1
Akron,Ohio,city,189347,41.0814447,-81.5190053,Summit County,39153,1
Balance of Deerfield,Ohio,township,645,41.0335513,-81.0533854,Ross County,39141,1
Sharonville,Ohio,city,11456,39.2681136,-84.4132746,Hamilton County,39061,1
Clear Creek,Ohio,township,2212,39.64689848,-82.66443351,Ashland County,39005,1
Harrison,Ohio,township,2313,39.2536967,-84.7915999,Carroll County,39019,1
Lebanon,Ohio,township,901,39.4353373,-84.2029922,Meigs County,39105,1
Springdale,Ohio,city,10910,39.287002,-84.4852213,Hamilton County,39061,1
Norwood,Ohio,city,18790,39.1644798,-84.4542798,Hamilton County,39061,1
Balance of Turtlecreek,Ohio,township,16678,39.4140691,-84.1537772,Warren County,39165,1
Montgomery,Ohio,township,2723,39.2281143,-84.3541062,Ashland County,39005,1
Turtlecreek,Ohio,township,18084,39.4140691,-84.1537772,Warren County,39165,1
Mason,Ohio,township,975,39.3600586,-84.309939,Lawrence County,39087,1
Deerfield,Ohio,township,823,41.0335513,-81.0533854,Morgan County,39115,1
Blue Ash,Ohio,city,13344,39.2320029,-84.3782734,Hamilton County,39061,1
North College Hill,Ohio,city,9556,39.2183911,-84.5507778,Hamilton County,39061,1
Harlan,Ohio,township,5036,39.3133258,-84.0378894,Warren County,39165,1
Massie,Ohio,township,1198,39.4883563,-84.0273168,Warren County,39165,1
Loveland,Ohio,city,2555,39.2689476,-84.263826,Clermont County,39025,1
Washington,Ohio,township,1948,39.5373688,-83.437579,Auglaize County,39011,1
Reading,Ohio,city,10467,39.2236694,-84.4421641,Hamilton County,39061,1
Wyoming,Ohio,city,8692,39.2311691,-84.4657758,Hamilton County,39061,1
Balance of Harrison,Ohio,township,1253,39.2536967,-84.7915999,Darke County,39037,1
Cheviot,Ohio,city,8661,39.1570028,-84.6132787,Hamilton County,39061,1
Mount Healthy,Ohio,city,6928,39.2336687,-84.5457778,Hamilton County,39061,1
Deer Park,Ohio,city,5354,39.2053366,-84.3946627,Hamilton County,39061,1
Cincinnati,Ohio,city,308935,39.1031182,-84.5120196,Hamilton County,39061,1
Mount Angel,Oregon,city,3395,45.0678986,-122.8000917,Marion County,41047,
Silverton,Oregon,city,10558,45.0051213,-122.7831455,Marion County,41047,
Keizer,Oregon,city,39157,44.9901194,-123.0262077,Marion County,41047,
Gladstone,Oregon,city,11978,45.3802718,-122.5946179,Clackamas County,41005,
Philomath,Oregon,city,5619,44.540121,-123.3676014,Benton County,41003,
Molalla,Oregon,city,10201,45.1475439,-122.5771264,Clackamas County,41005,
Hubbard,Oregon,city,3440,45.1823423,-122.8078718,Marion County,41047,
Estacada,Oregon,city,4764,45.2877198,-122.3351638,Clackamas County,41005,
Tillamook,Oregon,city,5265,45.4562158,-123.8440137,Tillamook County,41057,
Woodburn,Oregon,city,26054,45.143731,-122.8553725,Marion County,41047,
Lincoln City,Oregon,city,9979,44.9620902,-124.0159354,Lincoln County,41041,
Newport,Oregon,city,10496,44.6367836,-124.0534505,Lincoln County,41041,
Stayton,Oregon,city,8203,44.8006775,-122.7945333,Marion County,41047,
Canby,Oregon,city,18138,45.262692,-122.6957402,Clackamas County,41005,
Dallas,Oregon,city,17285,44.9192844,-123.3170472,Polk County,41053,
Detroit,Oregon,city,194,44.7340108,-122.1497982,Marion County,41047,
Wheeler,Oregon,city,436,45.688996,-123.8806879,Tillamook County,41057,
Adair Village,Oregon,city,1005,44.6706762,-123.2178759,Benton County,41003,
Jefferson,Oregon,city,3331,44.7195662,-123.0103708,Marion County,41047,
Waldport,Oregon,city,2256,44.426786,-124.0687302,Lincoln County,41041,
Garibaldi,Oregon,city,833,45.5598266,-123.9109643,Tillamook County,41057,
Monroe,Oregon,city,660,44.3140116,-123.2967637,Benton County,41003,
Yachats,Oregon,city,1006,44.3112312,-124.1048418,Lincoln County,41041,
Aurora,Oregon,city,1144,45.2309536,-122.7559267,Marion County,41047,
Manzanita,Oregon,city,617,45.7184398,-123.9351354,Tillamook County,41057,
Depoe Bay,Oregon,city,1518,44.8084467,-124.0631713,Lincoln County,41041,
Gervais,Oregon,city,2599,45.1081752,-122.8975952,Marion County,41047,
Turner,Oregon,city,2454,44.8431766,-122.9528708,Marion County,41047,
Falls City,Oregon,city,1068,44.8662285,-123.4359382,Polk County,41053,
Johnson City,Oregon,city,539,45.4049813,-122.5806693,Clackamas County,41005,
Corvallis,Oregon,city,59864,44.5645659,-123.2620435,Benton County,41003,
Palmer,Pennsylvania,township,22356,40.696722,-75.2654063,Northampton County,42095,
Moore,Pennsylvania,township,9353,40.781582,-75.422819,Northampton County,42095,
Easton,Pennsylvania,city,28057,40.688432,-75.2207323,Northampton County,42095,
Salisbury,Pennsylvania,township,11483,39.7528599,-79.0808605,Lancaster County,42071,
Upper Nazareth,Pennsylvania,township,8191,40.7271611,-75.347048,Northampton County,42095,
Bethlehem,Pennsylvania,city,19835,40.6259316,-75.3704579,Lehigh County,42077,
North Whitehall,Pennsylvania,township,15702,40.6832755,-75.5858886,Lehigh County,42077,
Bushkill,Pennsylvania,township,8598,41.093429,-75.0018401,Northampton County,42095,
Chestnuthill,Pennsylvania,township,16779,40.9286699,-75.4111644,Monroe County,42089,1
Hamilton,Pennsylvania,township,2710,40.9241354,-79.080764,Adams County,42001,
Upper Macungie,Pennsylvania,township,26741,40.5697736,-75.632447,Lehigh County,42077,1
Lehigh,Pennsylvania,township,426,40.6519679,-75.5742467,Carbon County,42025,
Hanover,Pennsylvania,township,3309,39.8006553,-76.9830358,Beaver County,42007,
Lower Saucon,Pennsylvania,township,11083,40.5877279,-75.3062326,Northampton County,42095,
Ross,Pennsylvania,township,33176,40.5367715,-80.0199562,Allegheny County,42003,
Towamensing,Pennsylvania,township,4508,40.873311,-75.5975296,Carbon County,42025,
Eldred,Pennsylvania,township,1259,41.9578425,-78.3852953,Jefferson County,42065,
East Penn,Pennsylvania,township,2784,40.7804012,-75.7255192,Carbon County,42025,
Packer,Pennsylvania,township,1036,40.8999574,-75.8882508,Carbon County,42025,
Lowhill,Pennsylvania,township,2278,40.6324516,-75.6557206,Lehigh County,42077,
Lower Towamensing,Pennsylvania,township,3090,40.8193078,-75.5626039,Carbon County,42025,
Lausanne,Pennsylvania,township,226,40.9662723,-75.8243427,Carbon County,42025,
East Allen,Pennsylvania,township,5023,40.7021783,-75.422819,Northampton County,42095,
Lower Milford,Pennsylvania,township,3851,40.4692917,-75.4694285,Lehigh County,42077,
Tunkhannock,Pennsylvania,township,7041,41.5386878,-75.946588,Monroe County,42089,
Washington,Pennsylvania,township,891,40.17396,-80.2461714,Armstrong County,42005,
Kidder,Pennsylvania,township,1816,41.060235,-75.667356,Carbon County,42025,
Mahoning,Pennsylvania,township,1393,40.8060965,-75.7720328,Armstrong County,42005,
Allentown,Pennsylvania,city,125944,40.6022939,-75.4714098,Lehigh County,42077,
Hazle,Pennsylvania,township,10170,40.9568399,-76.0275859,Luzerne County,42079,
Scott,Pennsylvania,township,17405,41.5377395,-75.632447,Allegheny County,42003,
Hazleton,Pennsylvania,city,29970,40.9584181,-75.9746472,Luzerne County,42079,
Jefferson,Pennsylvania,township,2371,39.9300749,-80.0589461,Berks County,42011,
Wright,Pennsylvania,township,5730,41.1247,-75.9056753,Luzerne County,42079,
Carbondale,Pennsylvania,city,8812,41.5736935,-75.5018508,Lackawanna County,42069,
Stroud,Pennsylvania,township,19944,41.0116555,-75.2128996,Monroe County,42089,1
Blooming Grove,Pennsylvania,township,5545,41.3588973,-75.0844757,Pike County,42103,
Jenkins,Pennsylvania,township,4337,41.277569,-75.7487779,Luzerne County,42079,
Wilkes-Barre,Pennsylvania,city,44453,41.2459149,-75.8813075,Luzerne County,42079,
Coolbaugh,Pennsylvania,township,20863,41.1823029,-75.3878525,Monroe County,42089,1
Plains,Pennsylvania,township,9807,41.2753589,-75.8501955,Luzerne County,42079,
Covington,Pennsylvania,township,495,41.7271918,-77.1255055,Clearfield County,42033,
Oregon,Pennsylvania,township,840,40.1137523,-76.248926,Wayne County,42127,
Fairmount,Pennsylvania,township,1209,39.9672371,-75.1685579,Luzerne County,42079,1
Clifton,Pennsylvania,township,1492,41.2509919,-75.5393155,Lackawanna County,42069,
Madison,Pennsylvania,township,820,40.2472924,-79.6772645,Armstrong County,42005,
South Canaan,Pennsylvania,township,1813,41.5191717,-75.4111644,Wayne County,42127,
Nescopeck,Pennsylvania,township,1088,41.0520292,-76.2207671,Luzerne County,42079,
Hollenback,Pennsylvania,township,1132,41.0615184,-76.0739999,Luzerne County,42079,1
Glenburn,Pennsylvania,township,1440,41.5236887,-75.7238029,Lackawanna County,42069,
Bear Creek,Pennsylvania,township,2752,41.1786936,-75.7563036,Luzerne County,42079,
West Abington,Pennsylvania,township,299,41.5218402,-75.777846,Lackawanna County,42069,
North Abington,Pennsylvania,township,717,41.5632303,-75.6789905,Lackawanna County,42069,
Newton,Pennsylvania,township,2866,41.4573735,-75.7720328,Lackawanna County,42069,
Scranton,Pennsylvania,city,75874,41.408969,-75.6624122,Lackawanna County,42069,
McKeesport,Pennsylvania,city,17493,40.3470671,-79.8641232,Allegheny County,42003,
West Deer,Pennsylvania,township,12240,40.6437754,-79.8632834,Allegheny County,42003,
Wilkins,Pennsylvania,township,6259,40.4260962,-79.82127,Allegheny County,42003,
Penn Hills,Pennsylvania,township,40558,40.5011794,-79.8392158,Allegheny County,42003,
Collier,Pennsylvania,township,8937,39.8503542,-79.778659,Allegheny County,42003,1
Shaler,Pennsylvania,township,27737,40.5309184,-79.9528451,Allegheny County,42003,
Aliquippa,Pennsylvania,city,9126,40.615537,-80.2621852,Beaver County,42007,
Brighton,Pennsylvania,township,8788,40.7081028,-80.3769999,Beaver County,42007,
Moon,Pennsylvania,township,26956,40.5169767,-80.2213477,Allegheny County,42003,
Buffalo,Pennsylvania,township,7936,40.1407565,-80.3547286,Butler County,42019,
O'Hara,Pennsylvania,township,9162,40.5133572,-79.9248669,Allegheny County,42003,
Upper St. Clair,Pennsylvania,township,20935,40.3205701,-80.0870155,Allegheny County,42003,
North Versailles,Pennsylvania,township,9931,40.3797913,-79.8094916,Allegheny County,42003,
New Sewickley,Pennsylvania,township,7092,40.7241033,-80.2098219,Beaver County,42007,
Kilbuck,Pennsylvania,township,763,40.5206361,-80.0953942,Allegheny County,42003,
Franklin,Pennsylvania,township,4689,41.3978358,-79.8314437,Adams County,42001,
Muddy Creek,Pennsylvania,township,2183,40.9260035,-80.109357,Butler County,42019,
Leet,Pennsylvania,township,1598,40.5750609,-80.2014543,Allegheny County,42003,
Brady,Pennsylvania,township,1198,41.1702171,-76.947022,Butler County,42019,
White,Pennsylvania,township,1300,40.0700733,-79.4369805,Beaver County,42007,
Crescent,Pennsylvania,township,2461,40.5597896,-80.2242264,Allegheny County,42003,
Jackson,Pennsylvania,township,5235,41.8381365,-75.5907399,Butler County,42019,
Fawn,Pennsylvania,township,2165,39.7685031,-76.4678766,Allegheny County,42003,
Connoquenessing,Pennsylvania,township,4183,40.8178427,-80.0142257,Butler County,42019,
Raccoon,Pennsylvania,township,2759,40.6075224,-80.3769999,Beaver County,42007,
Duquesne,Pennsylvania,city,5191,40.3814581,-79.8597708,Allegheny County,42003,
Mercer,Pennsylvania,township,1006,41.2270025,-80.2397852,Butler County,42019,
Pulaski,Pennsylvania,township,1278,41.1133918,-80.4322899,Beaver County,42007,
Pittsburgh,Pennsylvania,city,300431,40.4406248,-79.9958864,Allegheny County,42003,
Cranston,Rhode Island,city,82566,41.7798226,-71.4372796,Providence County,44007,
Warwick,Rhode Island,city,83011,41.7001009,-71.4161671,Kent County,44003,
Woonsocket,Rhode Island,city,43118,42.0028761,-71.5147839,Providence County,44007,
Coventry,Rhode Island,town,35676,41.6885978,-71.5642076,Kent County,44003,
Pawtucket,Rhode Island,city,75387,41.878711,-71.3825558,Providence County,44007,
Cumberland,Rhode Island,town,36434,41.9721816,-71.4061876,Providence County,44007,
East Providence,Rhode Island,city,46929,41.8137116,-71.3700545,Providence County,44007,
North Providence,Rhode Island,town,34003,41.8535518,-71.4676639,Providence County,44007,
New Shoreham,Rhode Island,town,1416,41.172137,-71.5576045,Washington County,44009,
Central Falls,Rhode Island,city,22464,41.8906553,-71.3922785,Providence County,44007,
West Warwick,Rhode Island,town,31188,41.7036711,-71.5215024,Kent County,44003,
Richmond,Rhode Island,town,8165,41.4944764,-71.6708363,Washington County,44009,
Scituate,Rhode Island,town,10404,41.7964495,-71.6198686,Providence County,44007,
West Greenwich,Rhode Island,town,6636,41.6285498,-71.6638132,Kent County,44003,
Foster,Rhode Island,town,4472,41.8537098,-71.7581249,Providence County,44007,
Narragansett,Rhode Island,town,14615,41.4500844,-71.449503,Washington County,44009,
Westerly,Rhode Island,town,23483,41.3775987,-71.8272871,Washington County,44009,
Hopkinton,Rhode Island,town,8462,41.4612719,-71.7775501,Washington County,44009,
Burrillville,Rhode Island,town,16216,41.9661165,-71.6847247,Providence County,44007,
Johnston,Rhode Island,town,29534,41.8205199,-71.512617,Providence County,44007,
Glocester,Rhode Island,town,10087,41.9043113,-71.691066,Providence County,44007,
Smithfield,Rhode Island,town,21838,41.9220496,-71.5495101,Providence County,44007,
Providence,Rhode Island,city,189692,41.8239891,-71.4128343,Providence County,44007,
Accomac,Virginia,town,522,37.7195741,-75.6654845,Accomack County,51001,
Onancock,Virginia,town,1161,37.7117971,-75.7490966,Accomack County,51001,
Onley,Virginia,town,534,37.6909641,-75.7160405,Accomack County,51001,
Parksley,Virginia,town,809,37.7820725,-75.6535401,Accomack County,51001,
Cape Charles,Virginia,town,1180,37.267916,-76.0174336,Northampton County,51131,
Cheriton,Virginia,town,473,37.2895825,-75.9713209,Northampton County,51131,
Exmore,Virginia,town,1451,37.5318008,-75.8229859,Northampton County,51131,
Nassawadox,Virginia,town,518,37.4748572,-75.8582639,Northampton County,51131,
Bloxom,Virginia,town,382,37.8295713,-75.6232616,Accomack County,51001,
Hallwood,Virginia,town,205,37.8776256,-75.589094,Accomack County,51001,
Keller,Virginia,town,141,37.6192992,-75.7638185,Accomack County,51001,
Melfa,Virginia,town,396,37.6492986,-75.7413182,Accomack County,51001,
Painter,Virginia,town,273,37.585411,-75.7849299,Accomack County,51001,
Saxis,Virginia,town,169,37.9240145,-75.7218743,Accomack County,51001,
Tangier,Virginia,town,431,37.8262373,-75.9916035,Accomack County,51001,
Wachapreague,Virginia,town,254,37.6042998,-75.6896502,Accomack County,51001,
Eastville,Virginia,town,298,37.3526369,-75.945765,Northampton County,51131,
Chincoteague,Virginia,town,3306,37.933179,-75.3788086,Accomack County,51001,
Wenatchee,Washington,city,35405,47.4234599,-120.3103494,Chelan County,53007,
Kenmore,Washington,city,23502,47.7583576,-122.2496863,King County,53033,
Shoreline,Washington,city,57918,47.7559659,-122.3456972,King County,53033,
Des Moines,Washington,city,32689,47.4017661,-122.3242902,King County,53033,
Woodinville,Washington,city,13425,47.7542651,-122.1634582,King County,53033,
SeaTac,Washington,city,30759,47.4435903,-122.2960726,King County,53033,
Lake Forest Park,Washington,city,13358,47.7601288,-122.283982,King County,53033,
Maple Valley,Washington,city,28153,47.3903403,-122.0453589,King County,53033,
Newcastle,Washington,city,12969,47.5376072,-122.1619948,King County,53033,
Covington,Washington,city,20787,47.3595592,-122.118012,King County,53033,
Issaquah,Washington,city,39505,47.5301011,-122.0326191,King County,53033,
Kirkland,Washington,city,92107,47.6768927,-122.2059833,King County,53033,
Fife,Washington,city,10985,47.2392665,-122.3570664,Pierce County,53053,
Snoqualmie,Washington,city,13810,47.5287132,-121.8253906,King County,53033,
Bonney Lake,Washington,city,22848,47.1770777,-122.1868601,Pierce County,53053,
Sumner,Washington,city,10673,47.2031566,-122.2403966,Pierce County,53053,
Skykomish,Washington,town,159,47.7092746,-121.3601014,King County,53033,
Carbonado,Washington,town,742,47.0798248,-122.0515005,Pierce County,53053,
North Bend,Washington,city,7695,47.4956579,-121.7867775,King County,53033,
South Prairie,Washington,town,369,47.1392684,-122.0981691,Pierce County,53053,
Algona,Washington,city,3241,47.2790619,-122.249923,King County,53033,
South Cle Elum,Washington,town,549,47.1856752,-120.9489713,Kittitas County,53037,
Chelan,Washington,city,4374,47.8408323,-120.0168079,Chelan County,53007,
Wilkeson,Washington,town,492,47.1053802,-122.0456673,Pierce County,53053,
Fircrest,Washington,city,7115,47.2395428,-122.5159586,Pierce County,53053,
Clyde Hill,Washington,city,3108,47.6317656,-122.2179015,King County,53033,
Buckley,Washington,city,5321,47.1631573,-122.0267787,Pierce County,53053,
Roy,Washington,city,814,47.0042643,-122.539846,Pierce County,53053,
Kittitas,Washington,city,1420,46.9831822,-120.4170102,Kittitas County,53037,
Duvall,Washington,city,8410,47.7423218,-121.9856781,King County,53033,
Seattle,Washington,city,733919,47.6062095,-122.3320708,King County,53033,
Avondale,Arizona,city,90564,33.4355977,-112.3496021,Maricopa County,4013,
Chandler,Arizona,city,279458,33.3061605,-111.8412502,Maricopa County,4013,
Oro Valley,Arizona,town,47879,32.3909071,-110.966488,Pima County,4019,
Safford,Arizona,city,10269,32.8339546,-109.70758,Graham County,4009,
Coolidge,Arizona,city,14709,32.977839,-111.517624,Pinal County,4021,
Maricopa,Arizona,city,62720,33.0581063,-112.0476423,Pinal County,4021,
Sahuarita,Arizona,town,35337,31.9575818,-110.955646,Pima County,4019,
Tempe,Arizona,city,184118,33.4255104,-111.9400054,Maricopa County,4013,
Camp Verde,Arizona,town,12244,34.5636358,-111.8543178,Yavapai County,4025,
Surprise,Arizona,city,149191,33.6292337,-112.3679279,Maricopa County,4013,
Chino Valley,Arizona,town,13492,34.7575227,-112.4537809,Yavapai County,4025,
Scottsdale,Arizona,city,242753,33.4941704,-111.9260519,Maricopa County,4013,
Eloy,Arizona,city,15450,32.7558962,-111.554844,Pinal County,4021,
Gilbert,Arizona,town,273136,33.3528264,-111.789027,Maricopa County,4013,
Lake Havasu City,Arizona,city,58284,34.483901,-114.3224548,Mohave County,4015,
Kearny,Arizona,town,1789,33.0570085,-110.9106656,Pinal County,4021,
Eagar,Arizona,town,4439,34.1111581,-109.291475,Apache County,4001,
Winslow,Arizona,city,8943,35.0241873,-110.6973571,Navajo County,4017,
Springerville,Arizona,town,1716,34.1333799,-109.2859196,Apache County,4001,
Thatcher,Arizona,town,5310,32.8492323,-109.7592479,Graham County,4009,
Jerome,Arizona,town,467,34.7489107,-112.1137716,Yavapai County,4025,
Taylor,Arizona,town,4119,34.4650374,-110.0912265,Navajo County,4017,
Clifton,Arizona,town,3847,33.0508966,-109.2961826,Greenlee County,4011,
St. Johns,Arizona,city,3388,34.5058698,-109.3609327,Apache County,4001,
Dewey-Humboldt,Arizona,town,4455,34.5056894,-112.2427894,Yavapai County,4025,
Holbrook,Arizona,city,4842,34.9022482,-110.1581768,Navajo County,4017,
Colorado City,Arizona,town,2520,36.9902621,-112.9757702,Mohave County,4015,
Clarkdale,Arizona,town,4635,34.7711319,-112.0579367,Yavapai County,4025,
Star Valley,Arizona,town,2532,34.2550351,-111.2584672,Gila County,4007,
Phoenix,Arizona,city,1624569,33.4483771,-112.0740373,Maricopa County,4013,
Commerce City,Colorado,city,64287,39.8083196,-104.9338675,Adams County,8001,
Federal Heights,Colorado,city,14194,39.8598956,-105.0160712,Adams County,8001,
Estes Park,Colorado,town,5880,40.3772059,-105.5216651,Larimer County,8069,
Loveland,Colorado,city,77194,40.3977612,-105.0749801,Larimer County,8069,
Wellington,Colorado,town,11722,40.7038712,-105.0085856,Larimer County,8069,
Dacono,Colorado,city,6487,40.0847062,-104.9394216,Weld County,8123,
Evans,Colorado,city,22296,40.3763701,-104.6921874,Weld County,8123,
Firestone,Colorado,town,17299,40.1124839,-104.9366436,Weld County,8123,
Fort Lupton,Colorado,city,8260,40.0847055,-104.8130275,Weld County,8123,
Frederick,Colorado,town,15761,40.0991506,-104.9371993,Weld County,8123,
Greeley,Colorado,city,109323,40.4233142,-104.7091322,Weld County,8123,
Milliken,Colorado,town,8696,40.3294268,-104.85525,Weld County,8123,
Severance,Colorado,town,9605,40.5241479,-104.8510819,Weld County,8123,
Ault,Colorado,town,2365,40.5824804,-104.7319112,Weld County,8123,
Eaton,Colorado,town,5868,40.5194046,-104.702515,Weld County,8123,
Garden City,Colorado,town,254,40.39387,-104.6894093,Weld County,8123,
Gilcrest,Colorado,town,1017,40.2819266,-104.7777471,Weld County,8123,
Grover,Colorado,town,154,40.8713729,-104.2252275,Weld County,8123,
Hudson,Colorado,town,1635,40.0735941,-104.6430199,Weld County,8123,
Keenesburg,Colorado,town,1726,40.1083158,-104.5199585,Weld County,8123,
Kersey,Colorado,town,1494,40.387481,-104.5616256,Weld County,8123,
La Salle,Colorado,town,2342,40.3488703,-104.7019102,Weld County,8123,
Mead,Colorado,town,5336,40.2333174,-104.9985899,Weld County,8123,
Nunn,Colorado,town,515,40.7035916,-104.7808024,Weld County,8123,
Pierce,Colorado,town,1097,40.635536,-104.7552458,Weld County,8123,
Platteville,Colorado,town,2937,40.2149829,-104.8227494,Weld County,8123,
Raymer (New Raymer),Colorado,town,109,40.6080372,-103.8438774,Weld County,8123,
Fort Collins,Colorado,city,168538,40.5852602,-105.084423,Larimer County,8069,
Stokesdale,North Carolina,town,5995,36.2370802,-79.979483,Guilford County,37081,
Elon,North Carolina,town,11350,36.1007362,-79.5066839,Alamance County,37001,
Oxford,North Carolina,city,8775,36.3107004,-78.5908345,Granville County,37077,
Graham,North Carolina,city,17273,36.0679408,-79.4003792,Alamance County,37001,
Garner,North Carolina,town,31935,35.7112642,-78.6141709,Wake County,37183,
Summerfield,North Carolina,town,11119,36.2087468,-79.9047583,Guilford County,37081,
Reidsville,North Carolina,city,14524,36.3548586,-79.6644747,Rockingham County,37157,
Rolesville,North Carolina,town,10047,35.9232073,-78.4574996,Wake County,37183,
Roxboro,North Carolina,city,8089,36.3937519,-78.982788,Person County,37145,
Knightdale,North Carolina,town,19576,35.7876515,-78.4805563,Wake County,37183,
Butner,North Carolina,town,8487,36.1320892,-78.7566714,Granville County,37077,
Holly Springs,North Carolina,town,43524,35.6512655,-78.8336218,Wake County,37183,
Eden,North Carolina,city,15319,36.4884715,-79.7667026,Rockingham County,37157,
Wendell,North Carolina,town,11570,35.780987,-78.3697213,Wake County,37183,
Oak Ridge,North Carolina,town,7595,36.1734694,-79.9889277,Guilford County,37081,
Green Level,North Carolina,town,3174,36.1210117,-79.3502302,Alamance County,37001,
Yanceyville,North Carolina,town,1801,36.4040273,-79.3361314,Caswell County,37033,
Whitsett,North Carolina,town,593,36.0766877,-79.5699389,Guilford County,37081,
Milton,North Carolina,town,156,36.5390286,-79.208628,Caswell County,37033,
Stem,North Carolina,town,987,36.199867,-78.7222261,Granville County,37077,
Madison,North Carolina,town,2120,36.385415,-79.959485,Rockingham County,37157,
Creedmoor,North Carolina,city,5017,36.1223683,-78.6861145,Granville County,37077,
Stoneville,North Carolina,town,1312,36.4665269,-79.9069847,Rockingham County,37157,
Haw River,North Carolina,town,2263,36.0949027,-79.3567502,Alamance County,37001,
Wentworth,North Carolina,town,2657,36.4001371,-79.7744792,Rockingham County,37157,
Stovall,North Carolina,town,335,36.4481986,-78.5702786,Granville County,37077,
Pleasant Garden,North Carolina,town,5044,35.96208,-79.7622513,Guilford County,37081,
Mayodan,North Carolina,town,2415,36.4123597,-79.9669857,Rockingham County,37157,
Sedalia,North Carolina,town,680,36.0673577,-79.6205812,Guilford County,37081,
Ossipee,North Carolina,town,541,36.1682509,-79.5136756,Alamance County,37001,
Greensboro,North Carolina,city,298263,36.0726354,-79.7919754,Guilford County,37081,
Ralston,Nebraska,city,6462,41.2002566,-96.031987,Douglas County,31055,
Bellevue,Nebraska,city,63737,41.1543623,-95.9145568,Sarpy County,31153,
La Vista,Nebraska,city,16648,41.1838878,-96.031127,Sarpy County,31153,
Papillion,Nebraska,city,24105,41.1544432,-96.0422378,Sarpy County,31153,
Bennington,Nebraska,city,2000,41.3647193,-96.1577968,Douglas County,31055,
Valley,Nebraska,city,3074,41.3110284,-96.3465622,Douglas County,31055,
Gretna,Nebraska,city,5088,41.1404549,-96.2436842,Sarpy County,31153,
Springfield,Nebraska,city,1509,41.0819432,-96.13446,Sarpy County,31153,
Omaha,Nebraska,city,487300,41.2565369,-95.9345034,Douglas County,31055,
Roswell,New Mexico,city,48081,33.3942655,-104.5230242,Chaves County,35005,
Grants,New Mexico,city,9170,35.14726,-107.8514466,Cibola County,35006,
Artesia,New Mexico,city,12458,32.8423345,-104.4032962,Eddy County,35015,
Carlsbad,New Mexico,city,31888,32.4203395,-104.2289925,Eddy County,35015,
Silver City,New Mexico,town,9578,32.770075,-108.280326,Grant County,35017,
Hobbs,New Mexico,city,39756,32.7026116,-103.1360403,Lea County,35025,
Lovington,New Mexico,city,11426,32.9440077,-103.3485543,Lea County,35025,
Deming,New Mexico,city,14835,32.2686981,-107.7586404,Luna County,35029,
Alamogordo,New Mexico,city,31652,32.8995325,-105.960265,Otero County,35035,
Truth or Consequences,New Mexico,city,6062,33.1284047,-107.2528069,Sierra County,35051,
Socorro,New Mexico,city,8414,34.0583995,-106.8914159,Socorro County,35053,
Belen,New Mexico,city,7423,34.6627652,-106.7761546,Valencia County,35061,
Rio Communities,New Mexico,city,4977,34.6458473,-106.7175669,Valencia County,35061,
Gallup,New Mexico,city,21495,35.5280783,-108.7425843,McKinley County,35031,
Portales,New Mexico,city,12042,34.1861922,-103.3343978,Roosevelt County,35041,
Santa Rosa,New Mexico,city,2846,34.93867,-104.6824892,Guadalupe County,35019,
Ruidoso Downs,New Mexico,city,2648,33.3289733,-105.6044291,Lincoln County,35027,
Hagerman,New Mexico,town,978,33.1151077,-104.3269074,Chaves County,35005,
Vaughn,New Mexico,town,281,34.6017346,-105.2083337,Guadalupe County,35019,
Hurley,New Mexico,town,1247,32.6992442,-108.1319872,Grant County,35017,
Lordsburg,New Mexico,city,2273,32.3503605,-108.7086649,Hidalgo County,35023,
Peralta,New Mexico,town,3406,34.8369984,-106.690581,Valencia County,35061,
Elephant Butte,New Mexico,city,1427,33.1770471,-107.2252675,Sierra County,35051,
Lake Arthur,New Mexico,town,381,32.9981657,-104.3666291,Chaves County,35005,
Eunice,New Mexico,city,2997,32.4373434,-103.1590798,Lea County,35025,
Dexter,New Mexico,town,1072,33.197328,-104.3730202,Chaves County,35005,
Elida,New Mexico,town,158,33.9467526,-103.6566262,Roosevelt County,35041,
Carrizozo,New Mexico,town,972,33.6417408,-105.877212,Lincoln County,35027,
Tatum,New Mexico,town,697,33.2570566,-103.317728,Lea County,35025,
Bayard,New Mexico,city,2097,32.7617427,-108.1305989,Grant County,35017,
Albuquerque,New Mexico,city,562599,35.0843859,-106.650422,Bernalillo County,35001,
La Feria,Texas,city,6814,26.1591043,-97.824093,Cameron County,48061,
Weslaco,Texas,city,41024,26.1595194,-97.9908366,Hidalgo County,48215,
Elsa,Texas,city,5680,26.2934048,-97.9930588,Hidalgo County,48215,
Los Fresnos,Texas,city,8152,26.0717438,-97.4763733,Cameron County,48061,
Beeville,Texas,city,13641,28.4008319,-97.7483312,Bee County,48025,
Sullivan City,Texas,city,3905,26.2775706,-98.563633,Hidalgo County,48215,
Mission,Texas,city,86223,26.2159066,-98.3252932,Hidalgo County,48215,
Gonzales,Texas,city,7098,29.5016257,-97.4524926,Gonzales County,48177,
Primera,Texas,town,5303,26.2259079,-97.7580492,Cameron County,48061,
Cuero,Texas,city,8235,29.0938652,-97.2891568,DeWitt County,48123,
Raymondville,Texas,city,10510,26.4814565,-97.783051,Willacy County,48489,
Mercedes,Texas,city,16312,26.1497977,-97.9136112,Hidalgo County,48215,
Alton,Texas,city,18860,26.2872995,-98.3133594,Hidalgo County,48215,
Palmview,Texas,city,15884,26.233406,-98.3708503,Hidalgo County,48215,
Alice,Texas,city,17761,27.7522487,-98.0697249,Jim Wells County,48249,
Smiley,Texas,city,480,29.2677433,-97.6358283,Gonzales County,48177,
La Villa,Texas,city,2712,26.2986827,-97.9286117,Hidalgo County,48215,
Los Indios,Texas,town,1012,26.0492445,-97.7449935,Cameron County,48061,
Progreso Lakes,Texas,city,259,26.0717442,-97.958891,Hidalgo County,48215,
Indian Lake,Texas,town,851,26.0892433,-97.5024853,Cameron County,48061,
Nordheim,Texas,city,330,28.9210896,-97.6097188,DeWitt County,48123,
Lake City,Texas,town,458,28.0794565,-97.8858331,San Patricio County,48409,
Lyford,Texas,city,2210,26.4122916,-97.7897176,Willacy County,48489,
Palm Valley,Texas,city,1398,26.2017415,-97.7541602,Cameron County,48061,
Ingleside on the Bay,Texas,city,608,27.829352,-97.2241138,San Patricio County,48409,
Goliad,Texas,city,1624,28.6683252,-97.3883265,Goliad County,48175,
Laguna Vista,Texas,town,3605,26.1009111,-97.2902543,Cameron County,48061,
Edcouch,Texas,city,2720,26.2939604,-97.9605574,Hidalgo County,48215,
San Perlita,Texas,city,531,26.5011785,-97.6397111,Willacy County,48489,
Granjeno,Texas,city,287,26.1347979,-98.3047363,Hidalgo County,48215,
Brownsville,Texas,city,187831,25.9017472,-97.4974838,Cameron County,48061,
Rochelle,Georgia,city,1166,31.9510105,-83.4562744,Wilcox County,13315,
Waverly Hall,Georgia,town,622,32.683469,-84.7382609,Harris County,13145,
Nahunta,Georgia,city,1004,31.20439,-81.981226,Brantley County,13025,
Gumbranch,Georgia,city,245,31.8405695,-81.6816118,Liberty County,13179,
Clermont,Georgia,town,1132,34.4778752,-83.7735148,Hall County,13139,
Boston,Georgia,city,1209,30.7918613,-83.7898868,Thomas County,13275,
Jacksonville,Georgia,city,115,31.8126838,-82.9790358,Telfair County,13271,
Bowman,Georgia,city,860,34.2048295,-83.0307002,Elbert County,13105,
Riddleville,Georgia,town,79,32.9068227,-82.6656894,Washington County,13303,
Whigham,Georgia,city,423,30.8829681,-84.3237944,Grady County,13131,
Brinson,Georgia,town,214,30.9768532,-84.7376974,Decatur County,13087,
Carl,Georgia,town,215,34.005663,-83.8112862,Barrow County,13013,
Stillmore,Georgia,city,437,32.442115,-82.2151233,Emanuel County,13107,
Camak,Georgia,town,135,33.4534709,-82.6459668,Warren County,13301,
Fort Gaines,Georgia,city,999,31.6090569,-85.0471505,Clay County,13061,
Lakeland,Georgia,city,2762,31.0410373,-83.0751471,Lanier County,13173,
Hinesville,Georgia,city,35420,31.8315028,-81.6141099,Liberty County,13179,
Thomaston,Georgia,city,9761,32.8881879,-84.3265854,Upson County,13293,
Adel,Georgia,city,5507,31.1371358,-83.4234936,Cook County,13075,
Dalton,Georgia,city,34285,34.7698021,-84.9702228,Whitfield County,13313,
Bainbridge,Georgia,city,14292,30.9037995,-84.5754699,Decatur County,13087,
Acworth,Georgia,city,22284,34.0659329,-84.6768796,Cobb County,13067,
Calhoun,Georgia,city,17318,34.502587,-84.9510542,Gordon County,13129,
Decatur,Georgia,city,24569,33.7748275,-84.2963123,DeKalb County,13089,
Lilburn,Georgia,city,15168,33.8901036,-84.1429719,Gwinnett County,13135,
Dacula,Georgia,city,7008,33.9887165,-83.8979573,Gwinnett County,13135,
Trenton,Georgia,city,2201,34.8720222,-85.50913,Dade County,13083,
Gray,Georgia,city,3407,33.0095802,-83.5337816,Jones County,13169,
Rossville,Georgia,city,3984,34.9831309,-85.2860676,Walker County,13295,
Abbeville,Georgia,city,2662,31.9921223,-83.3068243,Wilcox County,13315,
Columbus,Georgia,city,205617,32.4609764,-84.9877094,Muscogee County,13215,
Chelsea,Wisconsin,town,713,45.2902456,-90.3073675,Taylor County,55119,
Bass Lake,Wisconsin,town,2820,45.9328194,-91.4517757,Sawyer County,55113,
Harrison,Wisconsin,town,0,44.1341553,-88.2917724,Calumet County,55015,
Westfield,Wisconsin,town,802,43.8835948,-89.4934393,Marquette County,55077,
Marion,Wisconsin,town,641,44.670812,-88.889272,Grant County,55043,
Portland,Wisconsin,town,1080,43.2285685,-88.953178,Dodge County,55027,
Alban,Wisconsin,town,858,44.6277513,-89.2848362,Portage County,55097,
Reseburg,Wisconsin,town,793,44.9152441,-90.7601375,Clark County,55019,
Lima,Wisconsin,town,779,43.6753863,-87.8746146,Grant County,55043,
Burlington,Wisconsin,city,11008,42.6780726,-88.2762026,Racine County,55101,
Fairchild,Wisconsin,town,457,44.6002391,-90.9629277,Eau Claire County,55035,
Meadowbrook,Wisconsin,town,138,45.6899523,-91.1042455,Sawyer County,55113,
Pence,Wisconsin,town,161,46.4152257,-90.2715658,Iron County,55051,
Weyauwega,Wisconsin,city,1775,44.3213695,-88.9337226,Waupaca County,55135,
Cross,Wisconsin,town,369,44.1790349,-91.6566377,Buffalo County,55011,
Westford,Wisconsin,town,1302,43.4982801,-88.9605365,Dodge County,55027,
Mondovi,Wisconsin,city,2801,44.5677422,-91.6709927,Buffalo County,55011,
Brookfield,Wisconsin,city,41464,43.0605671,-88.1064787,Waukesha County,55133,
Beloit,Wisconsin,city,36609,42.5083482,-89.0317765,Rock County,55105,
Cleveland,Wisconsin,town,902,43.9149942,-87.7473085,Chippewa County,55017,
Park Falls,Wisconsin,city,2387,45.9343981,-90.4415527,Price County,55099,
Milton,Wisconsin,town,547,42.7755645,-88.943999,Buffalo County,55011,
Cuba City,Wisconsin,city,1906,42.6055549,-90.4298502,Grant County,55043,
Lancaster,Wisconsin,city,3914,42.8474905,-90.7106821,Grant County,55043,
Balsam Lake,Wisconsin,town,1434,45.4521807,-92.4546428,Polk County,55095,
Bloomer,Wisconsin,city,3711,45.1002389,-91.4887724,Chippewa County,55017,
Menominee,Wisconsin,town,4289,44.8857792,-88.6507943,Menominee County,55078,1
Wyocena,Wisconsin,town,1757,43.495817,-89.3084506,Columbia County,55021,
Tomah,Wisconsin,city,9556,43.9785759,-90.5040214,Monroe County,55081,
Conover,Wisconsin,town,1344,46.0546741,-89.2579139,Vilas County,55125,
Milwaukee,Wisconsin,city,569330,43.0389025,-87.9064736,Milwaukee County,55079,
Fort Myers Beach,Florida,town,5636,26.4520248,-81.948145,Lee County,12071,
Okeechobee,Florida,city,5347,27.2439349,-80.8297828,Okeechobee County,12093,
Wewahitchka,Florida,city,2220,30.1127004,-85.2004716,Gulf County,12045,
La Crosse,Florida,town,317,29.8432977,-82.404833,Alachua County,12001,
Pembroke Park,Florida,town,6195,25.9847308,-80.1752738,Broward County,12011,
Jupiter Inlet Colony,Florida,town,402,26.9478705,-80.0744458,Palm Beach County,12099,
Blountstown,Florida,city,2258,30.4435293,-85.0451953,Calhoun County,12013,
Parker,Florida,city,4499,30.1310353,-85.6032594,Bay County,12005,
Noma,Florida,town,212,30.9821261,-85.618544,Holmes County,12059,
Westlake,Florida,city,2182,26.7469889,-80.3077177,Palm Beach County,12099,
Bowling Green,Florida,city,2469,27.6383673,-81.8239717,Hardee County,12049,
Zolfo Springs,Florida,town,1777,27.4933718,-81.7959155,Hardee County,12049,
Belleair,Florida,town,4311,27.9358543,-82.8062139,Pinellas County,12103,
Coleman,Florida,city,685,28.7997103,-82.0700856,Sumter County,12119,
Lake Hamilton,Florida,town,1562,28.0444644,-81.6278544,Polk County,12105,
St. Pete Beach,Florida,city,8822,27.7428134,-82.7504542,Pinellas County,12103,
Pembroke Pines,Florida,city,169391,26.007765,-80.2962555,Broward County,12011,
Marathon,Florida,city,9744,24.726026,-81.0446262,Monroe County,12087,
North Bay Village,Florida,city,7956,25.8462074,-80.1539351,Miami-Dade County,12086,
Ocala,Florida,city,64096,29.1871986,-82.1400923,Marion County,12083,
Satellite Beach,Florida,city,11268,28.1761233,-80.5900519,Brevard County,12009,
Lake Worth Beach,Florida,city,42496,26.6167555,-80.0684479,Palm Beach County,12099,
Fernandina Beach,Florida,city,13199,30.6696818,-81.4625919,Nassau County,12089,
Crestview,Florida,city,27820,30.7541808,-86.5727995,Okaloosa County,12091,
Coral Gables,Florida,city,48375,25.7491968,-80.2635411,Miami-Dade County,12086,
Sunrise,Florida,city,96021,26.1669711,-80.256595,Broward County,12011,
Winter Garden,Florida,city,46502,28.5652787,-81.5861847,Orange County,12095,
DeBary,Florida,city,22628,28.8713443,-81.3289397,Volusia County,12127,
Dade City,Florida,city,7393,28.3647248,-82.1959178,Pasco County,12101,
Fort Pierce,Florida,city,47927,27.4467056,-80.3256056,St. Lucie County,12111,
Jacksonville,Florida,city,954614,30.3321838,-81.655651,Duval County,12031,